query,search_interest,change_pct,source,category
my pincode,100,-30%,top,locator
india digipin,100,-40%,rising,digipin
pin code,100,-4%,top,generic
digipin india,96,-40%,rising,digipin
delhi pincode,76,-9%,top,geo
pincode delhi,73,-10%,top,other
india post digipin,70,-50%,rising,digipin
digipin india post,67,-50%,rising,digipin
noida pincode,52,2%,top,geo
my location pincode,47,-40%,top,locator
bangalore pincode,45,-8%,top,geo
know your digipin,45,-40%,rising,digipin
my digipin,44,20%,rising,digipin
pincode to pincode distance,42,30%,top,distance
hyderabad pincode,41,-20%,top,geo
chennai pincode,40,-10%,top,geo
mumbai pincode,37,-10%,top,geo
pincode of my location,35,-30%,top,locator
gurgaon pincode,33,-3%,top,geo
current pincode,33,-10%,top,locator
jaipur pincode,32,10%,top,geo
pune pincode,31,-20%,top,geo
coimbatore pincode,31,-3%,top,geo
digipin portal,30,200%,rising,digipin
pincode distance,28,-9%,top,distance
ahmedabad pincode,27,20%,top,geo
lucknow pincode,27,-10%,top,geo
pincode near me,26,-20%,top,locator
surat pincode,24,-10%,top,geo
what is digipin,23,-30%,rising,digipin
haryana pincode,22,5%,top,geo
chandigarh pincode,22,1%,top,geo
current location pincode,22,-20%,top,geo
indore pincode,20,-20%,top,geo
kolkata pincode,19,-5%,top,geo
new delhi pincode,18,60%,top,geo
kanpur pincode,18,30%,top,geo
bhopal pincode,18,20%,top,geo
digipin code,18,-5%,rising,digipin
mohali pincode,17,10%,top,geo
madurai pincode,16,8%,top,geo
vadodara pincode,16,60%,top,geo
my current location pincode,15,-30%,top,locator
digipin of my location,15,170%,rising,digipin
patna pincode,14,-4%,top,geo
vijayawada pincode,13,-30%,top,geo
dehradun pincode,13,-3%,top,geo
faridabad pincode,13,10%,top,geo
ranchi pincode,13,30%,top,geo
ghaziabad pincode,13,-10%,top,geo
trichy pincode,12,-10%,top,geo
salem pincode,12,-7%,top,geo
gurugram pincode,12,6%,top,geo
bengaluru pincode,12,-30%,top,geo
postal digipin,12,250%,rising,digipin
greater noida pincode,11,-9%,top,geo
raipur pincode,11,-10%,top,geo
ludhiana pincode,11,20%,top,geo
banglore pincode,11,0%,top,geo
post office digipin,11,6%,rising,digipin
find digipin,11,-10%,rising,digipin
agra pincode,10,1%,top,geo
malappuram pincode,10,60%,top,geo
nagpur pincode,10,-40%,top,geo
guntur pincode,9,-10%,top,geo
tirunelveli pincode,9,20%,rising,geo
ahemdabad pincode,9,20%,rising,geo
kota pincode,9,9%,rising,geo
india post digipin portal,9,Breakout,rising,digipin
bareilly pincode,8,110%,rising,geo
digipin full form,8,-20%,rising,digipin
dtdc pincode,8,7%,rising,geo
karur pincode,7,30%,rising,geo
find my digipin,7,Breakout,rising,digipin
search digipin,7,-7%,rising,digipin
know my digipin,7,-60%,rising,digipin
kakkanad pincode,6,110%,rising,geo
mumbai pin code,6,30%,rising,geo
prayagraj pincode,6,10%,rising,geo
digi pin,6,-40%,rising,other
kharar pincode,5,30%,rising,geo
pin to pin distance,5,30%,rising,distance
tiruppur pincode,5,20%,rising,geo
dharmapuri pincode,5,10%,rising,geo
indiapost digipin,5,Breakout,rising,digipin
how to get digipin,5,Breakout,rising,digipin
how to find digipin,5,-4%,rising,digipin
tirupati pincode,5,1%,top,geo
ottapalam pincode,4,250%,rising,geo
nagercoil pincode,4,40%,rising,geo
aluva pincode,4,30%,rising,geo
201301 pincode,4,30%,rising,geo
shamshabad pincode,4,20%,rising,geo
tirur pincode,4,10%,rising,geo
vellore pincode,4,20%,rising,geo
nashik pincode,4,8%,rising,geo
thane pincode,4,-5%,top,geo
erode pincode,4,-4%,top,geo
gachibowli pincode,4,1%,top,geo
visakhapatnam pincode,4,-5%,top,geo
sivakasi pincode,3,150%,rising,geo
gandimaisamma pincode,3,90%,rising,geo
attapur pincode,3,80%,rising,geo
baner pincode,3,60%,rising,geo
ameerpet pincode,3,40%,rising,geo
thiruvallur pincode,3,20%,rising,geo
mayiladuthurai pincode,3,20%,rising,geo
bachupally pincode,3,10%,rising,geo
digipin search,3,-50%,rising,digipin
dindigul pincode,3,10%,rising,geo
thanjavur pincode,3,9%,rising,geo
hosur pincode,3,6%,rising,geo
marathahalli pincode,3,6%,rising,geo
tirupur pincode,3,-4%,top,geo
trivandrum pincode,3,-4%,top,geo
kollam pincode,3,-1%,top,geo
edappal pincode,2,3450%,rising,geo
kalpetta pincode,2,60%,rising,geo
palarivattom pincode,2,60%,rising,geo
suryapet pincode,2,40%,rising,geo
prokerala pincode,2,20%,rising,geo
ramanathapuram pincode,2,7%,rising,geo
kothamangalam pincode,2,5%,rising,geo
my digipin india post,2,Breakout,rising,digipin
theni pincode,2,10%,rising,geo
tambaram pincode,2,10%,rising,geo
tenkasi pincode,2,7%,rising,geo
pincode of my current location,2,5%,rising,locator
edapally pincode,1,10%,rising,geo
know your digipin india post,1,Breakout,rising,digipin
what is my digipin,1,Breakout,rising,digipin
how to use digipin,1,Breakout,rising,digipin
my digipin home,1,Breakout,rising,digipin
how to know digipin,1,-70%,rising,digipin
digipin api,1,-80%,rising,digipin
ramapuram pincode,1,10%,rising,geo
nanakramguda pincode,1,9%,rising,geo
nungambakkam pincode,1,9%,rising,geo
beeramguda pincode,1,9%,rising,geo
narsingi pincode,1,7%,rising,geo
dilsukhnagar pincode,1,6%,rising,geo
mahabubabad pincode,1,5%,rising,geo
siddipet pincode,1,4%,rising,geo
kelambakkam pincode,1,4%,rising,geo
kolathur pincode,1,3%,rising,geo
patancheru pincode,1,3%,rising,geo
digipin india post digital addressing,0,Breakout,rising,digipin
digipin symbol,0,Breakout,rising,digipin
digipin for my location,0,Breakout,rising,digipin
know you digipin,0,Breakout,rising,digipin
dac india post digipin,0,-100%,rising,digipin
